815237-01;P5802450413;ISRI 6860/870 NTS2 LI.;HCS
815238-01;P5802450414;ISRI 6860/870 NTS2 RH.;HCS
815237-02;P5802450415;ISRI 6860/875 NTS2 LH;HCS
815238-02;P5802450416;ISRI 6860/875 NTS2 RH;HCS
815237-03;P5802478667;ISRI 6860/875 NTS2 LH;HCS
815238-03;P5802478668;ISRI 6860/875 NTS2 RH;HCS
815237-21;P5802501249;ISRI 6860/875 NTS2 LH;HCS
815238-21;P5802501254;ISRI 6860/875 NTS2 RH;HCS
815237-22;P5802501256;ISRI 6860/875 NTS2 LH;HCS
815238-22;P5802501257;ISRI 6860/875 NTS2 RH;HCS
815239-01;P5802450411;ISRI 6860/870 NTS2 LH;Ricco
815240-01;P5802450412;ISRI 6860/870 NTS2 RH.;Ricco
815239-21;P5802501238;ISRI 6860/870 NTS2 LH;Ricco
815240-21;P5802501245;ISRI 6860/870 NTS2 RH.;Ricco
815241-01;P5802450389;ISRI 6860/870 NTS2 LH;Base
815242-01;P5802450390;ISRI 6860/870 NTS2 RH;Base
815241-02;P5802450378;ISRI 6860/870 NTS2 LH;Base
815242-02;P5802450387;ISRI 6860/870 NTS2 RH;Base
815241-21;P5802501227;ISRI 6860/870 NTS2 LH;Base
815242-21;P5802501229;ISRI 6860/870 NTS2 RH;Base
815243-01;P5802450428;ISRI 6830/870 NTS2 LI.;Ricco- P
815244-01;P5802450429;ISRI 6830/870 NTS2 RE.;Ricco- P
815243-02;P5802450432;ISRI 6830/870 NTS2 LI.;Ricco- P
815244-02;P5802450433;ISRI 6830/870 NTS2 RE.;Ricco- P
815243-21;P5802501265;ISRI 6830/870 NTS2 LI.;Ricco- P
815244-21;P5802501268;ISRI 6830/870 NTS2 RE.;Ricco- P
815247-01;P5802450430;ISRI 6830/870 NTS2 LI.;Ricco- P -G
815248-01;P5802450431;ISRI 6830/870 NTS2 RE.;Ricco- P -G
815247-02;P5802450434;ISRI 6830/870 NTS2 LI.;Ricco- P -G
815248-02;P5802450435;ISRI 6830/870 NTS2 RE.;Ricco- P -G
815245-01;P5802450426;ISRI 6830/870 NTS2 LI.;Base- P
815246-01;P5802450427;ISRI 6830/870 NTS2 RE.;Base- P
815245-02;P5802450422;ISRI 6830/870 NTS2 LI.;Base- P
815246-02;P5802450421;ISRI 6830/870 NTS2 RE.;Base- P
815245-21;P5802501262;ISRI 6830/870 NTS2 LI.;Base- P
815246-21;P5802501263;ISRI 6830/870 NTS2 RE.;Base- P
815249-01;P5802450423;ISRI 1000/870 NTS2 LH;4 way
815250-01;P5802450425;ISRI 1000/870 NTS2 RE.;4 way
815249-02;P5802450419;ISRI 1000/870 NTS2 LH;4 way
815250-02;P5802450420;ISRI 1000/870 NTS2 RE.;4 way
815249-21;P5802501259;ISRI 1000/870 NTS2 LH;4 way
815250-21;P5802501260;ISRI 1000/870 NTS2 RE.;4 way
815251-01;P5802450437;ISRI 1000/870 NTS2;2 way
815251-02;P5802450436;ISRI 1000/870 NTS2;2 way
815251-21;P5802501269;ISRI 1000/870 NTS2;2 way
